Cluster representative	Cluster member	Cluster member description	Member P-value	Member user defined value	Member IC	Member frequency
GO:0010957	GO:0010957	negative regulation of vitamin D biosynthetic process	1.420e-04	0.000e+00	6.033e+00	9.271e-07
GO:0010957	GO:0046137	negative regulation of vitamin metabolic process	4.170e-04	0.000e+00	5.928e+00	1.179e-06
GO:0010957	GO:0060556	regulation of vitamin D biosynthetic process	4.120e-04	0.000e+00	5.878e+00	1.323e-06
GO:0010957	GO:0030656	regulation of vitamin metabolic process	1.830e-03	0.000e+00	5.527e+00	2.969e-06
GO:0010957	GO:0062014	negative regulation of small molecule metabolic process	5.290e-03	0.000e+00	4.146e+00	7.138e-05
GO:0060056	GO:0060056	mammary gland involution	4.140e-04	0.000e+00	6.019e+00	9.573e-07
GO:0060056	GO:0048771	tissue remodeling	4.410e-02	0.000e+00	4.623e+00	2.380e-05
GO:0071681	GO:0071681	cellular response to indole-3-methanol	1.140e-02	0.000e+00	6.052e+00	8.867e-07
GO:0071681	GO:0071680	response to indole-3-methanol	1.540e-02	0.000e+00	6.046e+00	9.002e-07
GO:0071681	GO:0097306	cellular response to alcohol	7.080e-03	0.000e+00	4.828e+00	1.486e-05
GO:0035995	GO:0035995	detection of muscle stretch	1.130e-02	0.000e+00	6.069e+00	8.532e-07
GO:0035995	GO:0035994	response to muscle stretch	8.930e-03	0.000e+00	5.454e+00	3.517e-06
GO:0030174	GO:0030174	regulation of DNA-templated DNA replication initiation	7.600e-05	0.000e+00	4.023e+00	9.488e-05
GO:0030174	GO:0090329	regulation of DNA-templated DNA replication	4.660e-03	0.000e+00	3.942e+00	1.144e-04
GO:0033629	GO:0033629	negative regulation of cell adhesion mediated by integrin	1.460e-03	0.000e+00	5.786e+00	1.636e-06
GO:0033629	GO:0033628	regulation of cell adhesion mediated by integrin	3.350e-02	0.000e+00	5.105e+00	7.856e-06
GO:0071389	GO:0071389	cellular response to mineralocorticoid stimulus	1.850e-03	0.000e+00	5.973e+00	1.065e-06
GO:0071389	GO:0051385	response to mineralocorticoid	2.650e-02	0.000e+00	5.682e+00	2.079e-06
GO:0071389	GO:0071383	cellular response to steroid hormone stimulus	2.840e-02	0.000e+00	5.038e+00	9.170e-06
GO:0000727	GO:0000727	double-strand break repair via break-induced replication	1.840e-03	0.000e+00	4.662e+00	2.177e-05
GO:0000727	GO:0006974	DNA damage response	3.340e-03	0.000e+00	1.555e+00	2.787e-02
GO:0010894	GO:0010894	negative regulation of steroid biosynthetic process	1.430e-05	0.000e+00	5.221e+00	6.012e-06
GO:0010894	GO:0045939	negative regulation of steroid metabolic process	2.060e-05	0.000e+00	5.210e+00	6.167e-06
GO:0038133	GO:0038133	ERBB2-ERBB3 signaling pathway	2.980e-02	0.000e+00	6.154e+00	7.020e-07
GO:0038133	GO:0038129	ERBB3 signaling pathway	2.970e-02	0.000e+00	6.066e+00	8.599e-07
GO:0048664	GO:0048664	neuron fate determination	2.960e-02	0.000e+00	5.604e+00	2.489e-06
GO:0048664	GO:0001709	cell fate determination	3.140e-02	0.000e+00	4.875e+00	1.333e-05
GO:0035666	GO:0035666	TRIF-dependent toll-like receptor signaling pathway	2.950e-02	0.000e+00	5.400e+00	3.980e-06
GO:0035666	GO:0002756	MyD88-independent toll-like receptor signaling pathway	4.630e-02	0.000e+00	5.328e+00	4.699e-06
GO:0043584	GO:0043584	nose development	3.390e-03	0.000e+00	5.763e+00	1.726e-06
GO:0043584	GO:0007423	sensory organ development	1.340e-02	0.000e+00	4.283e+00	5.217e-05
GO:0043584	GO:0043010	camera-type eye development	2.930e-02	0.000e+00	4.766e+00	1.714e-05
GO:0033700	GO:0033700	phospholipid efflux	4.110e-02	0.000e+00	5.636e+00	2.314e-06
GO:0032331	GO:0032331	negative regulation of chondrocyte differentiation	4.180e-04	0.000e+00	5.386e+00	4.115e-06
GO:0032331	GO:0061037	negative regulation of cartilage development	9.700e-04	0.000e+00	5.280e+00	5.250e-06
GO:0070242	GO:0070242	thymocyte apoptotic process	4.090e-02	0.000e+00	5.774e+00	1.683e-06
GO:0070242	GO:0071887	leukocyte apoptotic process	4.340e-02	0.000e+00	5.049e+00	8.935e-06
GO:0010917	GO:0010917	negative regulation of mitochondrial membrane potential	4.080e-02	0.000e+00	5.922e+00	1.196e-06
GO:0010917	GO:0045837	negative regulation of membrane potential	4.620e-02	0.000e+00	5.835e+00	1.461e-06
GO:0097091	GO:0097091	synaptic vesicle clustering	4.060e-02	0.000e+00	5.772e+00	1.690e-06
GO:0050847	GO:0050847	progesterone receptor signaling pathway	4.660e-02	0.000e+00	5.798e+00	1.592e-06
GO:0043518	GO:0043518	negative regulation of DNA damage response, signal transduction by p53 class mediator	4.650e-02	0.000e+00	5.500e+00	3.164e-06
GO:0043518	GO:0043516	regulation of DNA damage response, signal transduction by p53 class mediator	2.800e-02	0.000e+00	4.962e+00	1.090e-05
GO:0006268	GO:0006268	DNA unwinding involved in DNA replication	6.350e-03	0.000e+00	3.586e+00	2.594e-04
GO:0006268	GO:0032392	DNA geometric change	2.130e-02	0.000e+00	2.560e+00	2.754e-03
GO:0031069	GO:0031069	hair follicle morphogenesis	9.750e-04	0.000e+00	5.353e+00	4.434e-06
GO:0031069	GO:0022405	hair cycle process	1.970e-02	0.000e+00	4.879e+00	1.323e-05
GO:0001836	GO:0001836	release of cytochrome c from mitochondria	8.950e-03	0.000e+00	5.355e+00	4.414e-06
GO:0001836	GO:0071103	DNA conformation change	2.840e-02	0.000e+00	2.351e+00	4.452e-03
GO:0048730	GO:0048730	epidermis morphogenesis	1.320e-03	0.000e+00	5.925e+00	1.189e-06
GO:0048730	GO:0002009	morphogenesis of an epithelium	8.440e-04	0.000e+00	3.887e+00	1.298e-04
GO:0097192	GO:0097192	extrinsic apoptotic signaling pathway in absence of ligand	1.650e-03	0.000e+00	5.246e+00	5.673e-06
GO:0097192	GO:0038034	signal transduction in absence of ligand	1.830e-03	0.000e+00	5.246e+00	5.673e-06
GO:0097192	GO:0097191	extrinsic apoptotic signaling pathway	1.030e-02	0.000e+00	4.649e+00	2.241e-05
GO:0097192	GO:0097190	apoptotic signaling pathway	1.320e-03	0.000e+00	4.064e+00	8.622e-05
GO:0097192	GO:0097193	intrinsic apoptotic signaling pathway	3.830e-02	0.000e+00	4.385e+00	4.123e-05
GO:0003272	GO:0003272	endocardial cushion formation	1.220e-02	0.000e+00	5.856e+00	1.394e-06
GO:0003272	GO:0048646	anatomical structure formation involved in morphogenesis	1.760e-02	0.000e+00	3.205e+00	6.234e-04
GO:0003272	GO:0060788	ectodermal placode formation	4.070e-02	0.000e+00	5.336e+00	4.618e-06
GO:0060487	GO:0060487	lung epithelial cell differentiation	1.320e-02	0.000e+00	5.285e+00	5.183e-06
GO:0060487	GO:0060479	lung cell differentiation	1.310e-02	0.000e+00	5.272e+00	5.347e-06
GO:0032369	GO:0032369	negative regulation of lipid transport	1.310e-02	0.000e+00	5.275e+00	5.314e-06
GO:0032369	GO:1905953	negative regulation of lipid localization	4.340e-02	0.000e+00	5.033e+00	9.277e-06
GO:0051055	GO:0051055	negative regulation of lipid biosynthetic process	3.790e-05	0.000e+00	4.524e+00	2.993e-05
GO:0051055	GO:0045833	negative regulation of lipid metabolic process	5.730e-04	0.000e+00	4.396e+00	4.014e-05
GO:0070849	GO:0070849	response to epidermal growth factor	3.300e-04	0.000e+00	5.196e+00	6.368e-06
GO:0070849	GO:0071364	cellular response to epidermal growth factor stimulus	3.410e-03	0.000e+00	5.237e+00	5.791e-06
GO:0006270	GO:0006270	DNA replication initiation	1.440e-02	0.000e+00	3.269e+00	5.381e-04
GO:1990776	GO:1990776	response to angiotensin	2.870e-03	0.000e+00	5.877e+00	1.327e-06
GO:1990776	GO:1904385	cellular response to angiotensin	1.840e-02	0.000e+00	6.005e+00	9.875e-07
GO:0048645	GO:0060440	trachea formation	2.000e-02	0.000e+00	5.969e+00	1.075e-06
GO:0048645	GO:0048645	animal organ formation	2.860e-03	0.000e+00	5.326e+00	4.719e-06
GO:0048645	GO:0035148	tube formation	2.490e-02	0.000e+00	4.483e+00	3.286e-05
GO:0048645	GO:0072175	epithelial tube formation	1.780e-02	0.000e+00	5.065e+00	8.605e-06
GO:0002067	GO:0090425	acinar cell differentiation	1.140e-02	0.000e+00	6.059e+00	8.733e-07
GO:0002067	GO:0002067	glandular epithelial cell differentiation	8.460e-05	0.000e+00	4.915e+00	1.217e-05
GO:0002067	GO:0002065	columnar/cuboidal epithelial cell differentiation	1.120e-03	0.000e+00	4.699e+00	2.000e-05
GO:0002067	GO:0030855	epithelial cell differentiation	1.250e-02	0.000e+00	4.092e+00	8.097e-05
GO:0045601	GO:0045601	regulation of endothelial cell differentiation	2.000e-02	0.000e+00	5.219e+00	6.043e-06
GO:0045601	GO:0030857	negative regulation of epithelial cell differentiation	4.570e-02	0.000e+00	5.045e+00	9.012e-06
GO:1902003	GO:1902003	regulation of amyloid-beta formation	2.140e-02	0.000e+00	5.170e+00	6.755e-06
GO:1902003	GO:1902991	regulation of amyloid precursor protein catabolic process	3.340e-02	0.000e+00	4.965e+00	1.084e-05
GO:1902003	GO:0034248	regulation of amide metabolic process	3.640e-02	0.000e+00	2.556e+00	2.778e-03
GO:0043525	GO:0043525	positive regulation of neuron apoptotic process	1.100e-04	0.000e+00	5.190e+00	6.462e-06
GO:0043525	GO:0043523	regulation of neuron apoptotic process	1.420e-03	0.000e+00	4.390e+00	4.069e-05
GO:0060443	GO:0060443	mammary gland morphogenesis	4.340e-03	0.000e+00	6.448e+00	3.560e-07
GO:0060443	GO:0022612	gland morphogenesis	9.140e-03	0.000e+00	5.114e+00	7.692e-06
GO:0060421	GO:0060421	positive regulation of heart growth	2.320e-02	0.000e+00	5.353e+00	4.437e-06
GO:0060421	GO:0046622	positive regulation of organ growth	4.330e-02	0.000e+00	5.047e+00	8.982e-06
GO:0060421	GO:0046620	regulation of organ growth	2.960e-02	0.000e+00	4.651e+00	2.234e-05
GO:0090199	GO:0090200	positive regulation of release of cytochrome c from mitochondria	1.110e-02	0.000e+00	5.312e+00	4.874e-06
GO:0090199	GO:0090199	regulation of release of cytochrome c from mitochondria	4.310e-03	0.000e+00	5.099e+00	7.954e-06
GO:0090199	GO:0010821	regulation of mitochondrion organization	2.830e-02	0.000e+00	4.357e+00	4.398e-05
GO:0050810	GO:0050810	regulation of steroid biosynthetic process	1.280e-04	0.000e+00	4.818e+00	1.522e-05
GO:0050810	GO:0019218	regulation of steroid metabolic process	4.910e-04	0.000e+00	4.708e+00	1.957e-05
GO:0032330	GO:0032330	regulation of chondrocyte differentiation	5.410e-03	0.000e+00	4.833e+00	1.469e-05
GO:0032330	GO:0061035	regulation of cartilage development	1.320e-02	0.000e+00	4.668e+00	2.148e-05
GO:0021766	GO:0021766	hippocampus development	3.650e-05	0.000e+00	5.073e+00	8.461e-06
GO:0021766	GO:0048856	anatomical structure development	1.690e-04	0.000e+00	2.453e+00	3.524e-03
GO:0021766	GO:0071696	ectodermal placode development	4.680e-02	0.000e+00	5.814e+00	1.535e-06
GO:1904646	GO:1904646	cellular response to amyloid-beta	2.800e-02	0.000e+00	5.318e+00	4.803e-06
GO:1904646	GO:1904645	response to amyloid-beta	4.560e-02	0.000e+00	5.205e+00	6.231e-06
GO:0018107	GO:0018107	peptidyl-threonine phosphorylation	6.280e-03	0.000e+00	4.835e+00	1.463e-05
GO:0018107	GO:0018210	peptidyl-threonine modification	1.100e-02	0.000e+00	4.781e+00	1.656e-05
GO:0010803	GO:0010803	regulation of tumor necrosis factor-mediated signaling pathway	6.690e-03	0.000e+00	5.113e+00	7.705e-06
GO:0010803	GO:0001959	regulation of cytokine-mediated signaling pathway	2.490e-02	0.000e+00	3.275e+00	5.314e-04
GO:0021761	GO:0021761	limbic system development	1.720e-06	0.000e+00	6.571e+00	2.687e-07
GO:0021761	GO:0048731	system development	1.360e-05	0.000e+00	3.111e+00	7.753e-04
GO:0045667	GO:0045668	negative regulation of osteoblast differentiation	4.330e-03	0.000e+00	5.095e+00	8.038e-06
GO:0045667	GO:0045667	regulation of osteoblast differentiation	2.380e-06	0.000e+00	4.635e+00	2.318e-05
GO:0045667	GO:0045669	positive regulation of osteoblast differentiation	1.380e-02	0.000e+00	4.954e+00	1.111e-05
GO:0032092	GO:0032092	positive regulation of protein binding	7.900e-03	0.000e+00	4.834e+00	1.466e-05
GO:0032092	GO:0051099	positive regulation of binding	1.170e-02	0.000e+00	4.533e+00	2.933e-05
GO:0045646	GO:0045646	regulation of erythrocyte differentiation	3.760e-02	0.000e+00	5.023e+00	9.482e-06
GO:0045646	GO:1903706	regulation of hemopoiesis	2.170e-02	0.000e+00	4.037e+00	9.185e-05
GO:0033077	GO:0033077	T cell differentiation in thymus	1.050e-02	0.000e+00	3.885e+00	1.304e-04
GO:0033077	GO:0030098	lymphocyte differentiation	1.630e-02	0.000e+00	3.524e+00	2.992e-04
GO:0033077	GO:1903131	mononuclear cell differentiation	3.040e-02	0.000e+00	3.510e+00	3.088e-04
GO:2000630	GO:2000630	positive regulation of miRNA metabolic process	1.100e-02	0.000e+00	4.946e+00	1.133e-05
GO:2000630	GO:2000628	regulation of miRNA metabolic process	3.140e-02	0.000e+00	4.803e+00	1.573e-05
GO:0021543	GO:0021543	pallium development	4.070e-07	0.000e+00	6.298e+00	5.038e-07
GO:0021543	GO:0048513	animal organ development	4.990e-07	0.000e+00	3.090e+00	8.125e-04
GO:0021543	GO:0048806	genitalia development	3.740e-02	0.000e+00	5.160e+00	6.916e-06
GO:0031016	GO:0031016	pancreas development	1.260e-02	0.000e+00	4.828e+00	1.487e-05
GO:0031016	GO:0048732	gland development	7.800e-03	0.000e+00	4.169e+00	6.784e-05
GO:0034332	GO:0034332	adherens junction organization	4.970e-02	0.000e+00	5.080e+00	8.310e-06
GO:0038127	GO:0038127	ERBB signaling pathway	1.320e-02	0.000e+00	4.436e+00	3.664e-05
GO:0038127	GO:0007169	transmembrane receptor protein tyrosine kinase signaling pathway	6.840e-03	0.000e+00	3.320e+00	4.783e-04
GO:0038127	GO:0048009	insulin-like growth factor receptor signaling pathway	1.990e-02	0.000e+00	5.247e+00	5.666e-06
GO:0019827	GO:0097150	neuronal stem cell population maintenance	1.100e-02	0.000e+00	5.325e+00	4.733e-06
GO:0019827	GO:0019827	stem cell population maintenance	1.790e-04	0.000e+00	4.488e+00	3.249e-05
GO:0019827	GO:0098727	maintenance of cell number	2.090e-04	0.000e+00	4.474e+00	3.361e-05
GO:1903707	GO:1903707	negative regulation of hemopoiesis	8.800e-04	0.000e+00	4.713e+00	1.936e-05
GO:1903707	GO:1902106	negative regulation of leukocyte differentiation	6.380e-03	0.000e+00	4.726e+00	1.880e-05
GO:0042130	GO:0042130	negative regulation of T cell proliferation	1.440e-02	0.000e+00	4.856e+00	1.394e-05
GO:0042130	GO:0050672	negative regulation of lymphocyte proliferation	2.510e-02	0.000e+00	4.759e+00	1.743e-05
GO:0003170	GO:0003170	heart valve development	1.430e-02	0.000e+00	5.207e+00	6.211e-06
GO:0003170	GO:0003176	aortic valve development	3.550e-02	0.000e+00	5.992e+00	1.018e-06
GO:0003170	GO:1905314	semi-lunar valve development	4.120e-02	0.000e+00	5.728e+00	1.871e-06
GO:0010822	GO:0010822	positive regulation of mitochondrion organization	1.580e-02	0.000e+00	4.607e+00	2.470e-05
GO:0010822	GO:0010638	positive regulation of organelle organization	2.020e-02	0.000e+00	3.825e+00	1.498e-04
GO:0014032	GO:0014032	neural crest cell development	1.740e-02	0.000e+00	5.017e+00	9.616e-06
GO:0014032	GO:0048864	stem cell development	2.210e-02	0.000e+00	4.969e+00	1.075e-05
GO:0001942	GO:0001942	hair follicle development	1.820e-02	0.000e+00	5.166e+00	6.822e-06
GO:0001942	GO:0022404	molting cycle process	1.960e-02	0.000e+00	4.788e+00	1.628e-05
GO:0046822	GO:0046824	positive regulation of nucleocytoplasmic transport	1.040e-02	0.000e+00	4.907e+00	1.239e-05
GO:0046822	GO:0046822	regulation of nucleocytoplasmic transport	1.410e-03	0.000e+00	4.649e+00	2.246e-05
GO:0046822	GO:0042307	positive regulation of protein import into nucleus	2.970e-02	0.000e+00	5.144e+00	7.175e-06
GO:0046822	GO:0032386	regulation of intracellular transport	1.040e-02	0.000e+00	4.075e+00	8.419e-05
GO:0048660	GO:0048661	positive regulation of smooth muscle cell proliferation	3.600e-03	0.000e+00	5.006e+00	9.852e-06
GO:0048660	GO:0048660	regulation of smooth muscle cell proliferation	4.470e-04	0.000e+00	4.722e+00	1.896e-05
GO:0048660	GO:1904707	positive regulation of vascular associated smooth muscle cell proliferation	2.400e-03	0.000e+00	5.324e+00	4.746e-06
GO:0048660	GO:1904705	regulation of vascular associated smooth muscle cell proliferation	1.040e-02	0.000e+00	5.074e+00	8.438e-06
GO:0090132	GO:0090132	epithelium migration	7.100e-03	0.000e+00	6.576e+00	2.654e-07
GO:0090132	GO:0090130	tissue migration	8.520e-03	0.000e+00	5.691e+00	2.035e-06
GO:0032945	GO:0032945	negative regulation of mononuclear cell proliferation	2.600e-02	0.000e+00	4.754e+00	1.761e-05
GO:0032945	GO:0070664	negative regulation of leukocyte proliferation	3.260e-02	0.000e+00	4.730e+00	1.864e-05
GO:0030323	GO:0030323	respiratory tube development	4.650e-05	0.000e+00	5.647e+00	2.254e-06
GO:0030323	GO:0035295	tube development	1.200e-03	0.000e+00	4.206e+00	6.216e-05
GO:0043393	GO:0043393	regulation of protein binding	2.210e-03	0.000e+00	4.449e+00	3.559e-05
GO:0043393	GO:0051098	regulation of binding	7.110e-03	0.000e+00	4.170e+00	6.761e-05
GO:0048762	GO:0001837	epithelial to mesenchymal transition	3.770e-03	0.000e+00	4.785e+00	1.642e-05
GO:0048762	GO:0048762	mesenchymal cell differentiation	1.760e-04	0.000e+00	4.635e+00	2.318e-05
GO:0048762	GO:0003198	epithelial to mesenchymal transition involved in endocardial cushion formation	4.620e-02	0.000e+00	5.747e+00	1.790e-06
GO:0048762	GO:0014033	neural crest cell differentiation	2.850e-02	0.000e+00	5.515e+00	3.057e-06
GO:0042633	GO:0042633	hair cycle	2.780e-02	0.000e+00	5.848e+00	1.417e-06
GO:0042633	GO:0042303	molting cycle	2.770e-02	0.000e+00	5.106e+00	7.843e-06
GO:0010507	GO:0010507	negative regulation of autophagy	2.770e-02	0.000e+00	4.750e+00	1.779e-05
GO:0010507	GO:0031330	negative regulation of cellular catabolic process	1.840e-02	0.000e+00	4.383e+00	4.137e-05
GO:0010001	GO:0014037	Schwann cell differentiation	4.710e-02	0.000e+00	5.860e+00	1.381e-06
GO:0010001	GO:0010001	glial cell differentiation	1.690e-05	0.000e+00	4.610e+00	2.456e-05
GO:0010001	GO:0048709	oligodendrocyte differentiation	2.510e-02	0.000e+00	4.989e+00	1.026e-05
GO:0010001	GO:0060020	Bergmann glial cell differentiation	1.450e-03	0.000e+00	5.741e+00	1.814e-06
GO:0010001	GO:0048708	astrocyte differentiation	1.320e-02	0.000e+00	5.307e+00	4.927e-06
GO:0021537	GO:0021537	telencephalon development	1.440e-06	0.000e+00	5.380e+00	4.172e-06
GO:0021537	GO:0032502	developmental process	5.630e-05	0.000e+00	2.110e+00	7.761e-03
GO:0021537	GO:0060021	roof of mouth development	4.350e-03	0.000e+00	4.857e+00	1.389e-05
GO:0021537	GO:0002088	lens development in camera-type eye	1.660e-02	0.000e+00	5.036e+00	9.203e-06
GO:0021537	GO:0021987	cerebral cortex development	1.840e-03	0.000e+00	4.928e+00	1.181e-05
GO:0090316	GO:0090316	positive regulation of intracellular protein transport	3.130e-02	0.000e+00	4.485e+00	3.273e-05
GO:0090316	GO:0033157	regulation of intracellular protein transport	2.540e-02	0.000e+00	4.347e+00	4.501e-05
GO:0010721	GO:0010721	negative regulation of cell development	7.670e-06	0.000e+00	4.335e+00	4.620e-05
GO:0010721	GO:0050768	negative regulation of neurogenesis	2.100e-02	0.000e+00	4.644e+00	2.272e-05
GO:0046890	GO:0046890	regulation of lipid biosynthetic process	1.140e-03	0.000e+00	4.033e+00	9.261e-05
GO:0046890	GO:0019216	regulation of lipid metabolic process	2.040e-02	0.000e+00	3.788e+00	1.630e-04
GO:0034612	GO:0034612	response to tumor necrosis factor	3.590e-04	0.000e+00	4.694e+00	2.022e-05
GO:0034612	GO:0071356	cellular response to tumor necrosis factor	7.140e-03	0.000e+00	4.839e+00	1.448e-05
GO:0051250	GO:0051250	negative regulation of lymphocyte activation	3.780e-03	0.000e+00	4.417e+00	3.832e-05
GO:0051250	GO:0002695	negative regulation of leukocyte activation	6.860e-03	0.000e+00	4.298e+00	5.037e-05
GO:0051250	GO:0050866	negative regulation of cell activation	1.910e-03	0.000e+00	4.267e+00	5.412e-05
GO:1900182	GO:1900182	positive regulation of protein localization to nucleus	3.740e-02	0.000e+00	4.826e+00	1.493e-05
GO:1900182	GO:1900180	regulation of protein localization to nucleus	2.650e-02	0.000e+00	4.633e+00	2.330e-05
GO:0018105	GO:0018105	peptidyl-serine phosphorylation	5.200e-03	0.000e+00	4.273e+00	5.338e-05
GO:0018105	GO:0018209	peptidyl-serine modification	6.880e-03	0.000e+00	4.217e+00	6.070e-05
GO:0030111	GO:0030178	negative regulation of Wnt signaling pathway	1.250e-03	0.000e+00	3.907e+00	1.238e-04
GO:0030111	GO:0030111	regulation of Wnt signaling pathway	1.600e-06	0.000e+00	3.743e+00	1.807e-04
GO:0030111	GO:0060828	regulation of canonical Wnt signaling pathway	5.030e-05	0.000e+00	4.081e+00	8.299e-05
GO:0030111	GO:0090090	negative regulation of canonical Wnt signaling pathway	3.990e-04	0.000e+00	4.315e+00	4.837e-05
GO:0030111	GO:0030177	positive regulation of Wnt signaling pathway	2.600e-02	0.000e+00	4.392e+00	4.056e-05
GO:0043473	GO:0043473	pigmentation	4.310e-02	0.000e+00	4.822e+00	1.507e-05
GO:0060485	GO:0060485	mesenchyme development	2.020e-04	0.000e+00	4.884e+00	1.306e-05
GO:0060485	GO:0009888	tissue development	1.020e-03	0.000e+00	3.456e+00	3.501e-04
GO:0050851	GO:0050853	B cell receptor signaling pathway	3.930e-02	0.000e+00	4.792e+00	1.614e-05
GO:0050851	GO:0050851	antigen receptor-mediated signaling pathway	1.680e-02	0.000e+00	4.471e+00	3.378e-05
GO:0050851	GO:0050778	positive regulation of immune response	4.370e-02	0.000e+00	3.520e+00	3.021e-04
GO:0048593	GO:0048593	camera-type eye morphogenesis	1.780e-02	0.000e+00	5.395e+00	4.031e-06
GO:0048593	GO:0048592	eye morphogenesis	3.350e-02	0.000e+00	4.797e+00	1.597e-05
GO:0001667	GO:0010631	epithelial cell migration	6.640e-03	0.000e+00	4.573e+00	2.674e-05
GO:0001667	GO:0001667	ameboidal-type cell migration	2.450e-03	0.000e+00	4.212e+00	6.135e-05
GO:0001667	GO:0016477	cell migration	7.800e-03	0.000e+00	3.479e+00	3.319e-04
GO:0001667	GO:0048870	cell motility	2.460e-03	0.000e+00	2.707e+00	1.962e-03
GO:0030900	GO:0030900	forebrain development	1.410e-06	0.000e+00	4.794e+00	1.608e-05
GO:0030900	GO:0048468	cell development	6.220e-06	0.000e+00	3.328e+00	4.702e-04
GO:0030900	GO:0021536	diencephalon development	2.040e-02	0.000e+00	6.011e+00	9.741e-07
GO:0030900	GO:0021782	glial cell development	2.220e-03	0.000e+00	4.918e+00	1.208e-05
GO:0030900	GO:0014044	Schwann cell development	3.750e-02	0.000e+00	5.707e+00	1.965e-06
GO:0030900	GO:0002064	epithelial cell development	3.200e-04	0.000e+00	4.516e+00	3.051e-05
GO:0030900	GO:0002066	columnar/cuboidal epithelial cell development	4.010e-03	0.000e+00	5.127e+00	7.463e-06
GO:0030900	GO:0002068	glandular epithelial cell development	1.580e-02	0.000e+00	5.303e+00	4.978e-06
GO:0051961	GO:0051961	negative regulation of nervous system development	2.420e-02	0.000e+00	4.595e+00	2.540e-05
GO:0051961	GO:0051960	regulation of nervous system development	3.950e-02	0.000e+00	4.003e+00	9.931e-05
GO:0045765	GO:0045765	regulation of angiogenesis	5.260e-04	0.000e+00	4.087e+00	8.193e-05
GO:0045765	GO:1901342	regulation of vasculature development	6.090e-04	0.000e+00	4.080e+00	8.327e-05
GO:2001234	GO:2001234	negative regulation of apoptotic signaling pathway	1.490e-03	0.000e+00	4.289e+00	5.145e-05
GO:2001234	GO:2001233	regulation of apoptotic signaling pathway	1.200e-03	0.000e+00	4.076e+00	8.392e-05
GO:2001234	GO:2001236	regulation of extrinsic apoptotic signaling pathway	5.700e-03	0.000e+00	4.566e+00	2.714e-05
GO:2001234	GO:2001237	negative regulation of extrinsic apoptotic signaling pathway	3.940e-02	0.000e+00	4.794e+00	1.606e-05
GO:2001234	GO:2001242	regulation of intrinsic apoptotic signaling pathway	1.100e-02	0.000e+00	4.436e+00	3.662e-05
GO:0035108	GO:0035108	limb morphogenesis	2.970e-02	0.000e+00	4.534e+00	2.924e-05
GO:0035108	GO:0035107	appendage morphogenesis	2.970e-02	0.000e+00	4.371e+00	4.259e-05
GO:0071216	GO:0071216	cellular response to biotic stimulus	5.250e-03	0.000e+00	4.380e+00	4.171e-05
GO:0071216	GO:0071222	cellular response to lipopolysaccharide	1.180e-02	0.000e+00	4.624e+00	2.378e-05
GO:0071216	GO:0071219	cellular response to molecule of bacterial origin	1.440e-02	0.000e+00	4.539e+00	2.893e-05
GO:0071407	GO:0071407	cellular response to organic cyclic compound	6.160e-06	0.000e+00	4.199e+00	6.327e-05
GO:0071407	GO:0014070	response to organic cyclic compound	5.670e-04	0.000e+00	3.803e+00	1.573e-04
GO:0071407	GO:0043331	response to dsRNA	4.300e-03	0.000e+00	5.058e+00	8.750e-06
GO:0007507	GO:0007507	heart development	1.320e-06	0.000e+00	4.203e+00	6.263e-05
GO:0007507	GO:0007420	brain development	5.710e-06	0.000e+00	4.184e+00	6.546e-05
GO:0007507	GO:0030324	lung development	3.940e-05	0.000e+00	4.820e+00	1.513e-05
GO:0007507	GO:0030879	mammary gland development	1.400e-02	0.000e+00	5.337e+00	4.605e-06
GO:0007507	GO:0051216	cartilage development	3.740e-02	0.000e+00	4.363e+00	4.334e-05
GO:0007507	GO:0043588	skin development	2.730e-02	0.000e+00	5.105e+00	7.853e-06
GO:0007507	GO:0048568	embryonic organ development	3.760e-02	0.000e+00	4.441e+00	3.619e-05
GO:0042129	GO:0042129	regulation of T cell proliferation	4.080e-02	0.000e+00	4.380e+00	4.165e-05
GO:0042129	GO:0050670	regulation of lymphocyte proliferation	2.390e-02	0.000e+00	4.251e+00	5.608e-05
GO:0051146	GO:0051146	striated muscle cell differentiation	1.780e-02	0.000e+00	4.902e+00	1.255e-05
GO:0051146	GO:0042692	muscle cell differentiation	1.100e-02	0.000e+00	4.678e+00	2.101e-05
GO:0071214	GO:0071478	cellular response to radiation	3.920e-02	0.000e+00	3.968e+00	1.076e-04
GO:0071214	GO:0071214	cellular response to abiotic stimulus	1.250e-03	0.000e+00	3.697e+00	2.011e-04
GO:0071214	GO:0104004	cellular response to environmental stimulus	1.240e-03	0.000e+00	3.697e+00	2.011e-04
GO:0071214	GO:0009628	response to abiotic stimulus	6.720e-03	0.000e+00	2.765e+00	1.717e-03
GO:0071214	GO:0010212	response to ionizing radiation	1.930e-02	0.000e+00	4.276e+00	5.296e-05
GO:0010506	GO:0010508	positive regulation of autophagy	2.350e-02	0.000e+00	3.963e+00	1.088e-04
GO:0010506	GO:0010506	regulation of autophagy	5.280e-04	0.000e+00	3.679e+00	2.096e-04
GO:0010506	GO:0031329	regulation of cellular catabolic process	2.960e-04	0.000e+00	3.282e+00	5.229e-04
GO:0010506	GO:0009894	regulation of catabolic process	1.170e-03	0.000e+00	3.073e+00	8.444e-04
GO:0010506	GO:0031331	positive regulation of cellular catabolic process	2.650e-02	0.000e+00	3.533e+00	2.931e-04
GO:0006468	GO:0006468	protein phosphorylation	3.700e-05	0.000e+00	2.012e+00	9.726e-03
GO:0006468	GO:0016310	phosphorylation	3.800e-04	0.000e+00	1.451e+00	3.544e-02
GO:0070848	GO:0071559	response to transforming growth factor beta	3.590e-02	0.000e+00	4.994e+00	1.015e-05
GO:0070848	GO:0070848	response to growth factor	1.720e-05	0.000e+00	4.245e+00	5.690e-05
GO:0070848	GO:0071363	cellular response to growth factor stimulus	2.430e-04	0.000e+00	4.278e+00	5.271e-05
GO:0043410	GO:0043410	positive regulation of MAPK cascade	1.180e-04	0.000e+00	3.825e+00	1.496e-04
GO:0043410	GO:0043408	regulation of MAPK cascade	1.190e-04	0.000e+00	3.663e+00	2.173e-04
GO:0030335	GO:0030335	positive regulation of cell migration	2.950e-05	0.000e+00	3.927e+00	1.183e-04
GO:0030335	GO:2000147	positive regulation of cell motility	4.210e-05	0.000e+00	3.907e+00	1.239e-04
GO:0030335	GO:0040017	positive regulation of locomotion	5.230e-05	0.000e+00	3.876e+00	1.329e-04
GO:1901699	GO:0071732	cellular response to nitric oxide	4.680e-02	0.000e+00	6.007e+00	9.842e-07
GO:1901699	GO:1901699	cellular response to nitrogen compound	2.060e-05	0.000e+00	3.974e+00	1.061e-04
GO:1901699	GO:0071417	cellular response to organonitrogen compound	6.750e-04	0.000e+00	4.013e+00	9.712e-05
GO:0060322	GO:0060322	head development	2.440e-06	0.000e+00	5.304e+00	4.964e-06
GO:0060322	GO:0007399	nervous system development	1.750e-06	0.000e+00	3.550e+00	2.819e-04
GO:0060322	GO:0060541	respiratory system development	1.410e-05	0.000e+00	5.282e+00	5.220e-06
GO:0060322	GO:0035270	endocrine system development	1.580e-02	0.000e+00	6.304e+00	4.971e-07
GO:1901653	GO:1901653	cellular response to peptide	2.140e-02	0.000e+00	4.476e+00	3.343e-05
GO:1901653	GO:1901652	response to peptide	1.250e-02	0.000e+00	4.286e+00	5.174e-05
GO:1901653	GO:0043434	response to peptide hormone	4.990e-02	0.000e+00	4.405e+00	3.936e-05
GO:0048729	GO:0060536	cartilage morphogenesis	3.550e-02	0.000e+00	5.538e+00	2.899e-06
GO:0048729	GO:0048729	tissue morphogenesis	2.430e-04	0.000e+00	3.797e+00	1.595e-04
GO:0048729	GO:0003203	endocardial cushion morphogenesis	3.330e-02	0.000e+00	5.492e+00	3.221e-06
GO:0048729	GO:0060562	epithelial tube morphogenesis	2.810e-02	0.000e+00	4.504e+00	3.134e-05
GO:0007548	GO:0007548	sex differentiation	4.410e-02	0.000e+00	4.867e+00	1.357e-05
GO:0007548	GO:0022414	reproductive process	4.280e-02	0.000e+00	2.733e+00	1.847e-03
GO:0002694	GO:0002694	regulation of leukocyte activation	5.750e-04	0.000e+00	3.435e+00	3.672e-04
GO:0002694	GO:0050865	regulation of cell activation	3.140e-04	0.000e+00	3.424e+00	3.768e-04
GO:0002694	GO:0051249	regulation of lymphocyte activation	4.290e-03	0.000e+00	3.463e+00	3.440e-04
GO:0002694	GO:0050863	regulation of T cell activation	1.250e-02	0.000e+00	3.520e+00	3.020e-04
GO:0032496	GO:0032496	response to lipopolysaccharide	2.310e-02	0.000e+00	4.376e+00	4.210e-05
GO:0032496	GO:0002237	response to molecule of bacterial origin	2.810e-02	0.000e+00	4.276e+00	5.300e-05
GO:0008283	GO:0072089	stem cell proliferation	1.880e-02	0.000e+00	4.852e+00	1.406e-05
GO:0008283	GO:0008283	cell population proliferation	2.750e-05	0.000e+00	3.691e+00	2.036e-04
GO:0008283	GO:0050673	epithelial cell proliferation	1.410e-03	0.000e+00	4.385e+00	4.119e-05
GO:0072359	GO:0072359	circulatory system development	1.260e-06	0.000e+00	5.086e+00	8.209e-06
GO:0072359	GO:0007417	central nervous system development	3.470e-06	0.000e+00	4.630e+00	2.343e-05
GO:0072359	GO:0001944	vasculature development	9.830e-03	0.000e+00	4.867e+00	1.360e-05
GO:0034097	GO:0034097	response to cytokine	1.580e-05	0.000e+00	3.950e+00	1.121e-04
GO:0034097	GO:0071345	cellular response to cytokine stimulus	1.220e-03	0.000e+00	4.078e+00	8.355e-05
GO:2000145	GO:0030334	regulation of cell migration	1.480e-06	0.000e+00	3.634e+00	2.324e-04
GO:2000145	GO:2000145	regulation of cell motility	6.710e-07	0.000e+00	3.560e+00	2.752e-04
GO:2000145	GO:0030336	negative regulation of cell migration	4.970e-02	0.000e+00	4.253e+00	5.589e-05
GO:2000145	GO:0040012	regulation of locomotion	1.280e-06	0.000e+00	3.479e+00	3.319e-04
GO:0071396	GO:0071396	cellular response to lipid	2.030e-03	0.000e+00	4.156e+00	6.981e-05
GO:0071396	GO:0033993	response to lipid	6.870e-03	0.000e+00	3.757e+00	1.750e-04
GO:0048589	GO:0035265	organ growth	4.300e-02	0.000e+00	5.055e+00	8.810e-06
GO:0048589	GO:0048589	developmental growth	8.530e-03	0.000e+00	3.926e+00	1.186e-04
GO:0048589	GO:0040007	growth	8.550e-03	0.000e+00	3.867e+00	1.357e-04
GO:0043065	GO:0043065	positive regulation of apoptotic process	2.160e-03	0.000e+00	3.793e+00	1.609e-04
GO:0043065	GO:0043068	positive regulation of programmed cell death	2.850e-03	0.000e+00	3.772e+00	1.691e-04
GO:0043066	GO:0043066	negative regulation of apoptotic process	2.010e-05	0.000e+00	3.544e+00	2.858e-04
GO:0043066	GO:0043069	negative regulation of programmed cell death	2.810e-05	0.000e+00	3.529e+00	2.959e-04
GO:0072657	GO:0072657	protein localization to membrane	1.110e-02	0.000e+00	2.841e+00	1.443e-03
GO:0072657	GO:0051668	localization within membrane	2.760e-02	0.000e+00	2.812e+00	1.543e-03
GO:0060429	GO:0060428	lung epithelium development	2.980e-02	0.000e+00	5.713e+00	1.938e-06
GO:0060429	GO:0060429	epithelium development	6.150e-06	0.000e+00	3.915e+00	1.217e-04
GO:0060429	GO:0021915	neural tube development	3.520e-02	0.000e+00	5.117e+00	7.631e-06
GO:0060429	GO:0098773	skin epidermis development	4.630e-02	0.000e+00	5.135e+00	7.332e-06
GO:0060429	GO:0008544	epidermis development	4.810e-02	0.000e+00	4.738e+00	1.828e-05
GO:0030155	GO:0022407	regulation of cell-cell adhesion	9.550e-04	0.000e+00	3.491e+00	3.231e-04
GO:0030155	GO:0030155	regulation of cell adhesion	2.430e-04	0.000e+00	3.375e+00	4.218e-04
GO:0030155	GO:1903037	regulation of leukocyte cell-cell adhesion	2.670e-03	0.000e+00	3.537e+00	2.903e-04
GO:0030155	GO:0045785	positive regulation of cell adhesion	4.140e-03	0.000e+00	3.516e+00	3.045e-04
GO:0030155	GO:0007162	negative regulation of cell adhesion	5.400e-04	0.000e+00	4.181e+00	6.593e-05
GO:0030155	GO:1903038	negative regulation of leukocyte cell-cell adhesion	1.880e-03	0.000e+00	4.499e+00	3.172e-05
GO:0030155	GO:0050868	negative regulation of T cell activation	1.040e-02	0.000e+00	4.523e+00	2.998e-05
GO:0030155	GO:0022408	negative regulation of cell-cell adhesion	1.660e-03	0.000e+00	4.370e+00	4.263e-05
GO:0031175	GO:0031175	neuron projection development	9.940e-04	0.000e+00	3.588e+00	2.581e-04
GO:0031175	GO:0120036	plasma membrane bounded cell projection organization	3.620e-02	0.000e+00	3.265e+00	5.434e-04
GO:0031175	GO:0030030	cell projection organization	4.680e-02	0.000e+00	2.605e+00	2.486e-03
GO:0000122	GO:0000122	negative regulation of transcription by RNA polymerase II	3.100e-05	0.000e+00	3.584e+00	2.604e-04
GO:0000122	GO:0045892	negative regulation of DNA-templated transcription	1.130e-03	0.000e+00	2.529e+00	2.957e-03
GO:0000122	GO:0006357	regulation of transcription by RNA polymerase II	2.250e-03	0.000e+00	2.459e+00	3.475e-03
GO:1901701	GO:1901701	cellular response to oxygen-containing compound	7.840e-06	0.000e+00	3.664e+00	2.170e-04
GO:1901701	GO:1901700	response to oxygen-containing compound	3.810e-05	0.000e+00	3.244e+00	5.703e-04
GO:1901701	GO:0000302	response to reactive oxygen species	8.930e-03	0.000e+00	4.116e+00	7.656e-05
GO:0071495	GO:0071495	cellular response to endogenous stimulus	6.770e-06	0.000e+00	3.732e+00	1.852e-04
GO:0071495	GO:0009719	response to endogenous stimulus	3.590e-05	0.000e+00	3.376e+00	4.207e-04
GO:0071495	GO:0032870	cellular response to hormone stimulus	1.810e-02	0.000e+00	4.244e+00	5.697e-05
GO:0071495	GO:0009725	response to hormone	1.040e-02	0.000e+00	3.547e+00	2.839e-04
GO:0048871	GO:0048872	homeostasis of number of cells	1.440e-02	0.000e+00	4.440e+00	3.630e-05
GO:0048871	GO:0048871	multicellular organismal-level homeostasis	5.250e-03	0.000e+00	4.026e+00	9.409e-05
GO:0048871	GO:0043029	T cell homeostasis	3.550e-02	0.000e+00	5.225e+00	5.962e-06
GO:0048871	GO:0001776	leukocyte homeostasis	3.610e-02	0.000e+00	4.775e+00	1.678e-05
GO:0035556	GO:0007249	I-kappaB kinase/NF-kappaB signaling	2.060e-05	0.000e+00	4.456e+00	3.498e-05
GO:0035556	GO:0035556	intracellular signal transduction	1.230e-07	0.000e+00	1.856e+00	1.392e-02
GO:0035556	GO:0038061	NIK/NF-kappaB signaling	1.330e-03	0.000e+00	5.348e+00	4.491e-06
GO:0035556	GO:0007165	signal transduction	2.210e-07	0.000e+00	1.468e+00	3.407e-02
GO:0006915	GO:0043276	anoikis	4.640e-02	0.000e+00	5.930e+00	1.176e-06
GO:0006915	GO:0006915	apoptotic process	3.080e-05	0.000e+00	3.309e+00	4.904e-04
GO:0006915	GO:0012501	programmed cell death	4.860e-05	0.000e+00	3.256e+00	5.544e-04
GO:0006915	GO:0008219	cell death	5.010e-05	0.000e+00	3.248e+00	5.646e-04
GO:0044093	GO:0044093	positive regulation of molecular function	9.470e-06	0.000e+00	3.151e+00	7.065e-04
GO:0044093	GO:0043085	positive regulation of catalytic activity	1.850e-03	0.000e+00	3.264e+00	5.440e-04
GO:0044093	GO:0051347	positive regulation of transferase activity	1.200e-02	0.000e+00	3.744e+00	1.802e-04
GO:0044087	GO:2000810	regulation of bicellular tight junction assembly	6.370e-03	0.000e+00	5.501e+00	3.157e-06
GO:0044087	GO:0044087	regulation of cellular component biogenesis	1.410e-04	0.000e+00	3.031e+00	9.306e-04
GO:0045937	GO:0010562	positive regulation of phosphorus metabolic process	3.600e-03	0.000e+00	3.614e+00	2.435e-04
GO:0045937	GO:0045937	positive regulation of phosphate metabolic process	3.590e-03	0.000e+00	3.614e+00	2.435e-04
GO:0045937	GO:0001934	positive regulation of protein phosphorylation	1.030e-02	0.000e+00	3.695e+00	2.016e-04
GO:0045937	GO:0042327	positive regulation of phosphorylation	5.190e-03	0.000e+00	3.654e+00	2.216e-04
GO:0045937	GO:0019220	regulation of phosphate metabolic process	2.910e-03	0.000e+00	3.098e+00	7.985e-04
GO:0045937	GO:0035305	negative regulation of dephosphorylation	1.720e-02	0.000e+00	4.563e+00	2.735e-05
GO:0009967	GO:1902533	positive regulation of intracellular signal transduction	1.160e-06	0.000e+00	3.383e+00	4.138e-04
GO:0009967	GO:0009967	positive regulation of signal transduction	1.810e-07	0.000e+00	3.216e+00	6.082e-04
GO:0009967	GO:0010647	positive regulation of cell communication	3.150e-07	0.000e+00	3.182e+00	6.574e-04
GO:0009967	GO:0023056	positive regulation of signaling	3.220e-07	0.000e+00	3.182e+00	6.574e-04
GO:0009967	GO:0048584	positive regulation of response to stimulus	5.150e-07	0.000e+00	2.971e+00	1.070e-03
GO:0022008	GO:0042063	gliogenesis	9.830e-05	0.000e+00	5.614e+00	2.432e-06
GO:0022008	GO:0022008	neurogenesis	3.470e-06	0.000e+00	4.034e+00	9.253e-05
GO:0022008	GO:0048699	generation of neurons	8.450e-05	0.000e+00	4.618e+00	2.408e-05
GO:0042127	GO:0048145	regulation of fibroblast proliferation	4.880e-04	0.000e+00	4.866e+00	1.360e-05
GO:0042127	GO:0042127	regulation of cell population proliferation	1.350e-07	0.000e+00	3.286e+00	5.179e-04
GO:0042127	GO:2000177	regulation of neural precursor cell proliferation	5.540e-03	0.000e+00	4.759e+00	1.743e-05
GO:0042127	GO:1902692	regulation of neuroblast proliferation	4.120e-02	0.000e+00	5.034e+00	9.240e-06
GO:0042127	GO:0072091	regulation of stem cell proliferation	2.590e-02	0.000e+00	4.737e+00	1.831e-05
GO:0042127	GO:0050678	regulation of epithelial cell proliferation	6.350e-04	0.000e+00	4.145e+00	7.164e-05
GO:0042127	GO:0008285	negative regulation of cell population proliferation	5.840e-05	0.000e+00	3.787e+00	1.632e-04
GO:0042127	GO:0008284	positive regulation of cell population proliferation	2.740e-05	0.000e+00	3.587e+00	2.586e-04
GO:0042127	GO:0070663	regulation of leukocyte proliferation	8.110e-03	0.000e+00	4.214e+00	6.103e-05
GO:0042127	GO:0032944	regulation of mononuclear cell proliferation	2.580e-02	0.000e+00	4.245e+00	5.689e-05
GO:0051726	GO:0045787	positive regulation of cell cycle	8.300e-03	0.000e+00	3.915e+00	1.215e-04
GO:0051726	GO:0051726	regulation of cell cycle	5.950e-05	0.000e+00	2.854e+00	1.399e-03
GO:0051726	GO:0045786	negative regulation of cell cycle	1.220e-02	0.000e+00	3.500e+00	3.165e-04
GO:0051726	GO:0007346	regulation of mitotic cell cycle	1.830e-03	0.000e+00	3.572e+00	2.679e-04
GO:0051726	GO:0010564	regulation of cell cycle process	2.110e-02	0.000e+00	3.048e+00	8.959e-04
GO:0042981	GO:1904035	regulation of epithelial cell apoptotic process	3.830e-02	0.000e+00	4.802e+00	1.577e-05
GO:0042981	GO:0042981	regulation of apoptotic process	1.500e-06	0.000e+00	3.145e+00	7.165e-04
GO:0042981	GO:0043067	regulation of programmed cell death	2.440e-06	0.000e+00	3.085e+00	8.214e-04
GO:0032989	GO:0032989	cellular component morphogenesis	1.590e-02	0.000e+00	4.063e+00	8.656e-05
GO:0032989	GO:0120039	plasma membrane bounded cell projection morphogenesis	4.920e-02	0.000e+00	4.091e+00	8.105e-05
GO:0032989	GO:0048812	neuron projection morphogenesis	4.630e-02	0.000e+00	4.099e+00	7.970e-05
GO:0006351	GO:0006351	DNA-templated transcription	2.730e-02	0.000e+00	1.883e+00	1.311e-02
GO:0006351	GO:0032774	RNA biosynthetic process	3.030e-02	0.000e+00	1.637e+00	2.306e-02
GO:0006351	GO:0018130	heterocycle biosynthetic process	4.660e-02	0.000e+00	1.004e+00	9.903e-02
GO:0006351	GO:0019438	aromatic compound biosynthetic process	4.850e-02	0.000e+00	1.023e+00	9.487e-02
GO:0048666	GO:0048666	neuron development	1.830e-03	0.000e+00	4.181e+00	6.598e-05
GO:0048666	GO:0030097	hemopoiesis	4.250e-02	0.000e+00	4.311e+00	4.889e-05
GO:1902531	GO:0043122	regulation of I-kappaB kinase/NF-kappaB signaling	1.200e-02	0.000e+00	3.921e+00	1.198e-04
GO:1902531	GO:1902531	regulation of intracellular signal transduction	1.520e-07	0.000e+00	3.019e+00	9.572e-04
GO:1902531	GO:0009966	regulation of signal transduction	1.350e-07	0.000e+00	2.601e+00	2.505e-03
GO:1902531	GO:1902532	negative regulation of intracellular signal transduction	3.550e-02	0.000e+00	3.698e+00	2.003e-04
GO:1902531	GO:0023051	regulation of signaling	2.410e-07	0.000e+00	2.564e+00	2.727e-03
GO:1902531	GO:0023057	negative regulation of signaling	1.260e-03	0.000e+00	2.933e+00	1.168e-03
GO:1902531	GO:0048583	regulation of response to stimulus	1.120e-06	0.000e+00	2.269e+00	5.377e-03
GO:1902531	GO:0060759	regulation of response to cytokine stimulus	3.170e-02	0.000e+00	3.273e+00	5.339e-04
GO:1902531	GO:0080134	regulation of response to stress	1.820e-03	0.000e+00	2.568e+00	2.702e-03
GO:1902531	GO:0032101	regulation of response to external stimulus	1.190e-02	0.000e+00	2.888e+00	1.294e-03
GO:1902531	GO:0048585	negative regulation of response to stimulus	7.390e-03	0.000e+00	2.565e+00	2.723e-03
GO:1901698	GO:1901698	response to nitrogen compound	3.980e-04	0.000e+00	3.484e+00	3.283e-04
GO:1901698	GO:0010243	response to organonitrogen compound	1.600e-02	0.000e+00	3.521e+00	3.011e-04
GO:0002682	GO:0002683	negative regulation of immune system process	1.320e-02	0.000e+00	3.103e+00	7.887e-04
GO:0002682	GO:0002682	regulation of immune system process	1.180e-05	0.000e+00	2.541e+00	2.879e-03
GO:0002682	GO:0050776	regulation of immune response	4.650e-02	0.000e+00	2.622e+00	2.390e-03
GO:0002682	GO:0002684	positive regulation of immune system process	1.190e-02	0.000e+00	3.194e+00	6.403e-04
GO:0007166	GO:0007167	enzyme-linked receptor protein signaling pathway	4.000e-04	0.000e+00	3.197e+00	6.353e-04
GO:0007166	GO:0007166	cell surface receptor signaling pathway	1.810e-07	0.000e+00	2.536e+00	2.913e-03
GO:0007166	GO:0019221	cytokine-mediated signaling pathway	3.380e-02	0.000e+00	3.542e+00	2.873e-04
GO:0007166	GO:0060070	canonical Wnt signaling pathway	1.210e-03	0.000e+00	4.364e+00	4.326e-05
GO:0007166	GO:0016055	Wnt signaling pathway	1.850e-02	0.000e+00	3.168e+00	6.793e-04
GO:0044419	GO:0044419	biological process involved in interspecies interaction between organisms	6.720e-05	0.000e+00	1.702e+00	1.985e-02
GO:0044419	GO:0098542	defense response to other organism	4.580e-02	0.000e+00	2.595e+00	2.539e-03
GO:0042325	GO:0042325	regulation of phosphorylation	2.100e-03	0.000e+00	3.287e+00	5.165e-04
GO:0042325	GO:0001932	regulation of protein phosphorylation	2.730e-02	0.000e+00	3.334e+00	4.637e-04
GO:0042325	GO:0051174	regulation of phosphorus metabolic process	2.930e-03	0.000e+00	3.098e+00	7.987e-04
GO:0050793	GO:1901861	regulation of muscle tissue development	3.940e-02	0.000e+00	5.094e+00	8.051e-06
GO:0050793	GO:0050793	regulation of developmental process	1.300e-08	0.000e+00	2.273e+00	5.329e-03
GO:0050793	GO:0022603	regulation of anatomical structure morphogenesis	5.910e-04	0.000e+00	2.354e+00	4.429e-03
GO:0050793	GO:0051094	positive regulation of developmental process	5.190e-05	0.000e+00	3.424e+00	3.769e-04
GO:0050793	GO:0045597	positive regulation of cell differentiation	2.800e-03	0.000e+00	3.703e+00	1.980e-04
GO:0050793	GO:0045596	negative regulation of cell differentiation	5.590e-08	0.000e+00	3.838e+00	1.451e-04
GO:0050793	GO:0051093	negative regulation of developmental process	3.710e-08	0.000e+00	3.579e+00	2.636e-04
GO:0050793	GO:0045595	regulation of cell differentiation	1.290e-05	0.000e+00	3.350e+00	4.466e-04
GO:0050793	GO:0045664	regulation of neuron differentiation	2.110e-03	0.000e+00	4.284e+00	5.205e-05
GO:0050793	GO:0060284	regulation of cell development	5.010e-04	0.000e+00	3.723e+00	1.892e-04
GO:0002376	GO:0002376	immune system process	3.440e-06	0.000e+00	2.571e+00	2.683e-03
GO:0002376	GO:0046649	lymphocyte activation	1.220e-02	0.000e+00	3.449e+00	3.553e-04
GO:0002376	GO:0045321	leukocyte activation	3.920e-02	0.000e+00	3.419e+00	3.813e-04
GO:0031328	GO:0031328	positive regulation of cellular biosynthetic process	2.990e-09	0.000e+00	2.673e+00	2.123e-03
GO:0031328	GO:0010557	positive regulation of macromolecule biosynthetic process	4.250e-09	0.000e+00	2.678e+00	2.100e-03
GO:0031328	GO:0009891	positive regulation of biosynthetic process	3.400e-09	0.000e+00	2.669e+00	2.144e-03
GO:0031328	GO:0031325	positive regulation of cellular metabolic process	1.300e-08	0.000e+00	2.559e+00	2.762e-03
GO:0051239	GO:0051241	negative regulation of multicellular organismal process	3.010e-08	0.000e+00	3.473e+00	3.368e-04
GO:0051239	GO:0051239	regulation of multicellular organismal process	6.930e-10	0.000e+00	2.794e+00	1.608e-03
GO:0051239	GO:0001817	regulation of cytokine production	1.210e-04	0.000e+00	3.518e+00	3.035e-04
GO:0051239	GO:0001819	positive regulation of cytokine production	2.800e-03	0.000e+00	3.721e+00	1.902e-04
GO:0051239	GO:2000026	regulation of multicellular organismal development	7.730e-06	0.000e+00	3.342e+00	4.555e-04
GO:0051239	GO:0051240	positive regulation of multicellular organismal process	6.100e-05	0.000e+00	3.128e+00	7.454e-04
GO:0051239	GO:1900223	positive regulation of amyloid-beta clearance	2.510e-02	0.000e+00	6.076e+00	8.397e-07
GO:0070887	GO:0062197	cellular response to chemical stress	1.430e-02	0.000e+00	3.574e+00	2.666e-04
GO:0070887	GO:0070887	cellular response to chemical stimulus	5.540e-08	0.000e+00	3.118e+00	7.623e-04
GO:0070887	GO:0071310	cellular response to organic substance	4.580e-05	0.000e+00	3.493e+00	3.212e-04
GO:0070887	GO:0042221	response to chemical	3.270e-07	0.000e+00	2.363e+00	4.335e-03
GO:0070887	GO:0035094	response to nicotine	3.690e-03	0.000e+00	5.460e+00	3.466e-06
GO:0070887	GO:0010035	response to inorganic substance	2.180e-02	0.000e+00	3.259e+00	5.511e-04
GO:0070887	GO:0010033	response to organic substance	2.080e-05	0.000e+00	2.918e+00	1.208e-03
GO:0010558	GO:0009890	negative regulation of biosynthetic process	1.510e-06	0.000e+00	2.444e+00	3.594e-03
GO:0010558	GO:0010558	negative regulation of macromolecule biosynthetic process	2.850e-06	0.000e+00	2.452e+00	3.529e-03
GO:0010558	GO:1902679	negative regulation of RNA biosynthetic process	1.240e-03	0.000e+00	2.529e+00	2.960e-03
GO:0060341	GO:0060341	regulation of cellular localization	8.020e-03	0.000e+00	3.179e+00	6.628e-04
GO:0060341	GO:0032880	regulation of protein localization	2.620e-02	0.000e+00	3.381e+00	4.162e-04
GO:0042592	GO:0019725	cellular homeostasis	2.850e-02	0.000e+00	2.818e+00	1.522e-03
GO:0042592	GO:0042592	homeostatic process	9.690e-04	0.000e+00	2.703e+00	1.982e-03
GO:0042592	GO:0048878	chemical homeostasis	4.630e-02	0.000e+00	2.781e+00	1.655e-03
GO:0010604	GO:0010628	positive regulation of gene expression	5.380e-06	0.000e+00	2.809e+00	1.553e-03
GO:0010604	GO:0010604	positive regulation of macromolecule metabolic process	2.380e-09	0.000e+00	2.378e+00	4.185e-03
GO:0010604	GO:0009893	positive regulation of metabolic process	1.640e-08	0.000e+00	2.346e+00	4.508e-03
GO:0007049	GO:0007049	cell cycle	7.090e-03	0.000e+00	2.339e+00	4.584e-03
GO:0009653	GO:0071697	ectodermal placode morphogenesis	4.090e-02	0.000e+00	6.593e+00	2.553e-07
GO:0009653	GO:0009653	anatomical structure morphogenesis	2.830e-05	0.000e+00	2.857e+00	1.389e-03
GO:0009653	GO:0002089	lens morphogenesis in camera-type eye	8.030e-03	0.000e+00	5.553e+00	2.801e-06
GO:0009653	GO:0003179	heart valve morphogenesis	7.880e-03	0.000e+00	4.903e+00	1.250e-05
GO:0009653	GO:0003180	aortic valve morphogenesis	2.650e-02	0.000e+00	5.359e+00	4.377e-06
GO:0009653	GO:0000902	cell morphogenesis	1.070e-03	0.000e+00	3.314e+00	4.851e-04
GO:0009653	GO:0009887	animal organ morphogenesis	7.740e-04	0.000e+00	3.758e+00	1.745e-04
GO:0009653	GO:0060439	trachea morphogenesis	4.100e-02	0.000e+00	5.889e+00	1.290e-06
GO:0009653	GO:0042475	odontogenesis of dentin-containing tooth	2.130e-02	0.000e+00	4.940e+00	1.148e-05
GO:0009653	GO:0003007	heart morphogenesis	3.910e-02	0.000e+00	4.952e+00	1.117e-05
GO:0009653	GO:0035239	tube morphogenesis	1.400e-02	0.000e+00	4.030e+00	9.338e-05
GO:0009653	GO:0048598	embryonic morphogenesis	1.250e-03	0.000e+00	3.740e+00	1.822e-04
GO:0009653	GO:0048702	embryonic neurocranium morphogenesis	2.960e-02	0.000e+00	5.544e+00	2.858e-06
GO:0009653	GO:0042733	embryonic digit morphogenesis	8.850e-03	0.000e+00	5.009e+00	9.805e-06
GO:0009653	GO:0030326	embryonic limb morphogenesis	1.390e-02	0.000e+00	4.710e+00	1.951e-05
GO:0009653	GO:0035113	embryonic appendage morphogenesis	1.390e-02	0.000e+00	4.665e+00	2.162e-05
GO:0051173	GO:0051247	positive regulation of protein metabolic process	6.770e-04	0.000e+00	3.049e+00	8.934e-04
GO:0051173	GO:0051173	positive regulation of nitrogen compound metabolic process	1.390e-07	0.000e+00	2.529e+00	2.959e-03
GO:0051173	GO:0045935	positive regulation of nucleobase-containing compound metabolic process	1.190e-04	0.000e+00	2.690e+00	2.040e-03
GO:0045893	GO:0045893	positive regulation of DNA-templated transcription	5.780e-04	0.000e+00	2.754e+00	1.764e-03
GO:0045893	GO:1902680	positive regulation of RNA biosynthetic process	5.910e-04	0.000e+00	2.753e+00	1.766e-03
GO:0045893	GO:0051254	positive regulation of RNA metabolic process	6.300e-04	0.000e+00	2.712e+00	1.943e-03
GO:0051246	GO:0031399	regulation of protein modification process	6.470e-04	0.000e+00	3.136e+00	7.305e-04
GO:0051246	GO:0051246	regulation of protein metabolic process	1.680e-04	0.000e+00	2.376e+00	4.209e-03
GO:0051246	GO:0031401	positive regulation of protein modification process	7.110e-03	0.000e+00	3.515e+00	3.055e-04
GO:0051246	GO:0051171	regulation of nitrogen compound metabolic process	1.190e-07	0.000e+00	1.240e+00	5.758e-02
GO:0051128	GO:0051130	positive regulation of cellular component organization	6.980e-03	0.000e+00	3.258e+00	5.521e-04
GO:0051128	GO:0051128	regulation of cellular component organization	5.000e-05	0.000e+00	2.529e+00	2.958e-03
GO:0051128	GO:0033043	regulation of organelle organization	1.260e-02	0.000e+00	3.017e+00	9.624e-04
GO:0051128	GO:0001558	regulation of cell growth	2.510e-02	0.000e+00	4.003e+00	9.941e-05
GO:0051128	GO:0048638	regulation of developmental growth	2.430e-02	0.000e+00	4.024e+00	9.462e-05
GO:0051128	GO:0040008	regulation of growth	1.850e-02	0.000e+00	3.651e+00	2.234e-04
GO:0051128	GO:0045927	positive regulation of growth	3.740e-02	0.000e+00	4.185e+00	6.529e-05
GO:0051172	GO:0051172	negative regulation of nitrogen compound metabolic process	2.170e-04	0.000e+00	2.337e+00	4.600e-03
GO:0051172	GO:0051253	negative regulation of RNA metabolic process	1.100e-03	0.000e+00	2.469e+00	3.393e-03
GO:0051172	GO:0045934	negative regulation of nucleobase-containing compound metabolic process	2.540e-03	0.000e+00	2.448e+00	3.565e-03
GO:0010646	GO:0010646	regulation of cell communication	2.420e-07	0.000e+00	2.568e+00	2.703e-03
GO:0010646	GO:0010648	negative regulation of cell communication	1.240e-03	0.000e+00	2.931e+00	1.172e-03
GO:0010646	GO:0009968	negative regulation of signal transduction	4.990e-03	0.000e+00	2.939e+00	1.151e-03
GO:0065009	GO:0065009	regulation of molecular function	1.090e-03	0.000e+00	2.758e+00	1.744e-03
GO:0065009	GO:0050790	regulation of catalytic activity	1.580e-02	0.000e+00	2.854e+00	1.401e-03
GO:0051049	GO:0051050	positive regulation of transport	4.150e-02	0.000e+00	3.594e+00	2.545e-04
GO:0051049	GO:0051049	regulation of transport	8.850e-03	0.000e+00	2.988e+00	1.028e-03
GO:0051049	GO:0032879	regulation of localization	1.880e-02	0.000e+00	2.795e+00	1.603e-03
GO:0048523	GO:0048523	negative regulation of cellular process	1.080e-09	0.000e+00	2.134e+00	7.352e-03
GO:0048523	GO:0031324	negative regulation of cellular metabolic process	3.520e-09	0.000e+00	2.345e+00	4.519e-03
GO:0048523	GO:0031327	negative regulation of cellular biosynthetic process	1.410e-06	0.000e+00	2.446e+00	3.577e-03
GO:0000003	GO:0000003	reproduction	4.530e-02	0.000e+00	3.908e+00	1.237e-04
GO:0030154	GO:0001649	osteoblast differentiation	3.540e-03	0.000e+00	4.760e+00	1.739e-05
GO:0030154	GO:0030154	cell differentiation	2.750e-05	0.000e+00	2.867e+00	1.359e-03
GO:0030154	GO:0048863	stem cell differentiation	1.010e-02	0.000e+00	4.669e+00	2.141e-05
GO:0030154	GO:0030182	neuron differentiation	4.900e-04	0.000e+00	3.982e+00	1.043e-04
GO:0030154	GO:0048869	cellular developmental process	2.760e-05	0.000e+00	2.636e+00	2.311e-03
GO:0030154	GO:0045165	cell fate commitment	8.670e-03	0.000e+00	4.318e+00	4.810e-05
GO:0030154	GO:0001568	blood vessel development	7.690e-03	0.000e+00	4.514e+00	3.064e-05
GO:0030154	GO:0060840	artery development	4.290e-02	0.000e+00	5.094e+00	8.055e-06
GO:0009889	GO:0009889	regulation of biosynthetic process	1.130e-08	0.000e+00	1.265e+00	5.437e-02
GO:0009889	GO:0031326	regulation of cellular biosynthetic process	2.440e-08	0.000e+00	1.265e+00	5.429e-02
GO:0009889	GO:0010556	regulation of macromolecule biosynthetic process	3.510e-08	0.000e+00	1.267e+00	5.408e-02
GO:0048519	GO:0048519	negative regulation of biological process	6.550e-09	0.000e+00	1.869e+00	1.351e-02
GO:0048519	GO:0009892	negative regulation of metabolic process	2.620e-08	0.000e+00	2.048e+00	8.962e-03
GO:0048519	GO:0010605	negative regulation of macromolecule metabolic process	2.020e-06	0.000e+00	2.062e+00	8.675e-03
GO:0048519	GO:0010629	negative regulation of gene expression	6.880e-03	0.000e+00	2.297e+00	5.044e-03
GO:0006796	GO:0006796	phosphate-containing compound metabolic process	4.070e-02	0.000e+00	1.023e+00	9.477e-02
GO:0006796	GO:0006793	phosphorus metabolic process	4.370e-02	0.000e+00	1.012e+00	9.724e-02
GO:0048522	GO:0048522	positive regulation of cellular process	9.190e-10	0.000e+00	2.265e+00	5.427e-03
GO:0048522	GO:0048518	positive regulation of biological process	1.160e-08	0.000e+00	2.105e+00	7.859e-03
GO:0006355	GO:0006355	regulation of DNA-templated transcription	1.850e-04	0.000e+00	1.292e+00	5.111e-02
GO:0006355	GO:2001141	regulation of RNA biosynthetic process	1.930e-04	0.000e+00	1.290e+00	5.125e-02
GO:0023052	GO:0198738	cell-cell signaling by wnt	1.850e-02	0.000e+00	6.453e+00	3.527e-07
GO:0023052	GO:0023052	signaling	2.010e-06	0.000e+00	3.235e+00	5.821e-04
GO:0031323	GO:0031323	regulation of cellular metabolic process	1.200e-09	0.000e+00	1.242e+00	5.725e-02
GO:0031323	GO:0019219	regulation of nucleobase-containing compound metabolic process	3.940e-06	0.000e+00	1.275e+00	5.313e-02
GO:0031323	GO:0051252	regulation of RNA metabolic process	1.280e-04	0.000e+00	1.283e+00	5.216e-02
GO:0007154	GO:0007154	cell communication	6.310e-06	0.000e+00	2.476e+00	3.338e-03
GO:0019222	GO:0019222	regulation of metabolic process	2.280e-09	0.000e+00	1.191e+00	6.442e-02
GO:0019222	GO:0010468	regulation of gene expression	2.090e-08	0.000e+00	1.224e+00	5.974e-02
GO:0019222	GO:0060255	regulation of macromolecule metabolic process	1.360e-08	0.000e+00	1.204e+00	6.252e-02
GO:0019222	GO:0080090	regulation of primary metabolic process	1.790e-07	0.000e+00	1.237e+00	5.796e-02
GO:0065008	GO:0065008	regulation of biological quality	1.850e-02	0.000e+00	2.066e+00	8.584e-03
GO:0065008	GO:0065007	biological regulation	2.800e-07	0.000e+00	9.216e-01	1.198e-01
GO:0050896	GO:0009605	response to external stimulus	2.750e-05	0.000e+00	1.999e+00	1.002e-02
GO:0050896	GO:0050896	response to stimulus	1.640e-08	0.000e+00	1.315e+00	4.838e-02
GO:0050896	GO:0006950	response to stress	1.560e-04	0.000e+00	1.452e+00	3.536e-02
GO:0050896	GO:0006979	response to oxidative stress	4.610e-02	0.000e+00	2.864e+00	1.369e-03
GO:0050896	GO:0051716	cellular response to stimulus	1.940e-07	0.000e+00	1.513e+00	3.066e-02
GO:0050896	GO:0033554	cellular response to stress	5.920e-05	0.000e+00	1.536e+00	2.912e-02
GO:0050896	GO:0009607	response to biotic stimulus	1.670e-05	0.000e+00	2.149e+00	7.091e-03
GO:0050896	GO:0043207	response to external biotic stimulus	1.330e-04	0.000e+00	2.166e+00	6.822e-03
GO:0050896	GO:0051707	response to other organism	1.310e-04	0.000e+00	2.170e+00	6.754e-03
GO:0050896	GO:0009617	response to bacterium	3.380e-03	0.000e+00	3.455e+00	3.509e-04
GO:0032501	GO:0009950	dorsal/ventral axis specification	4.670e-02	0.000e+00	5.307e+00	4.931e-06
GO:0032501	GO:0032501	multicellular organismal process	1.510e-05	0.000e+00	2.523e+00	2.996e-03
GO:0032501	GO:0007275	multicellular organism development	4.760e-05	0.000e+00	3.847e+00	1.422e-04
GO:0032501	GO:0009790	embryo development	3.060e-02	0.000e+00	3.944e+00	1.138e-04
GO:0032501	GO:0009792	embryo development ending in birth or egg hatching	1.250e-02	0.000e+00	4.275e+00	5.306e-05
GO:0032501	GO:0043009	chordate embryonic development	3.040e-02	0.000e+00	4.361e+00	4.357e-05
GO:0016043	GO:0016043	cellular component organization	6.310e-03	0.000e+00	1.484e+00	3.284e-02
GO:0016043	GO:0071840	cellular component organization or biogenesis	7.030e-03	0.000e+00	1.440e+00	3.630e-02
GO:0043170	GO:0043170	macromolecule metabolic process	1.250e-02	0.000e+00	5.847e-01	2.602e-01
GO:0050794	GO:0050794	regulation of cellular process	2.450e-08	0.000e+00	9.848e-01	1.036e-01
GO:0050794	GO:0050789	regulation of biological process	2.370e-07	0.000e+00	9.379e-01	1.154e-01
GO:0006807	GO:0006807	nitrogen compound metabolic process	3.770e-02	0.000e+00	3.954e-01	4.023e-01
GO:0009987	GO:0044237	cellular metabolic process	2.560e-02	0.000e+00	3.216e-01	4.769e-01
GO:0009987	GO:0009987	cellular process	1.970e-03	0.000e+00	1.651e-01	6.837e-01